{
  "height": 69.69048045682446,
  "tabOrder": 8000,
  "width": 304.42435906299914,
  "x": 30.996613709372944,
  "y": 663.64343889566942,
  "z": 4000
}