{
  "height": 1078.0183486238532,
  "tabOrder": 15000,
  "width": 336.440366972477,
  "x": 1583.5596330275228,
  "y": 1.7614678899082568,
  "z": 7000
}