{
  "height": 201.81818181818181,
  "id": 1545418411,
  "tabOrder": 14000,
  "width": 352.72727272727269,
  "x": 352.80170122275376,
  "y": 220.74513360775859,
  "z": 6000
}