{
  "height": 87.155770477793638,
  "tabOrder": 3000,
  "width": 82.161609303842951,
  "x": 0,
  "y": 0,
  "z": 2000
}