{
  "height": 87.441860465116278,
  "tabOrder": 9000,
  "width": 1469.7674418604652,
  "x": 81.860465116279073,
  "y": 0,
  "z": 4000
}