{
  "height": 303.79746835443041,
  "tabOrder": 5000,
  "width": 426.66666666666669,
  "x": 1058.5654008438821,
  "y": 101.26582278481013,
  "z": 6000
}