{
  "height": 303.79746835443041,
  "tabOrder": 4000,
  "width": 403.7130801687764,
  "x": 1504.1350210970468,
  "y": 101.26582278481013,
  "z": 2000
}