{
  "height": 231.34305448963931,
  "id": 1545418054,
  "tabOrder": 6000,
  "width": 397.85111281657714,
  "x": 0.26383413896348884,
  "y": 53.8813924205642,
  "z": 1000
}