{
  "height": 69.69048045682446,
  "tabOrder": 11000,
  "width": 304.42435906299914,
  "x": 30.996613709372944,
  "y": 448.23649930184826,
  "z": 7000
}