{
  "height": 1078.6185725249425,
  "tabOrder": 26000,
  "width": 337,
  "x": 1582.8571428571429,
  "y": 0,
  "z": 2000
}