{
  "height": 298.57783705140639,
  "id": 1545418053,
  "tabOrder": 3000,
  "width": 398.2993797088937,
  "x": 1.266644779934623,
  "y": 1.4221629485936091,
  "z": 2000
}