{
  "height": 640.7451336077612,
  "id": 1545418058,
  "tabOrder": 5000,
  "width": 1759.2553396794624,
  "x": 125.38011695906432,
  "y": 337.43668457405988,
  "z": 14000
}