{
  "height": 200,
  "id": 1545418406,
  "tabOrder": 3000,
  "width": 218.18181818181816,
  "x": 1.8926103136629422,
  "y": 435.29058815321582,
  "z": 1000
}