{
  "height": 201.81818181818181,
  "id": 1545418410,
  "tabOrder": 12000,
  "width": 352.72727272727269,
  "x": 1018.2562466772993,
  "y": 438.92695178957945,
  "z": 5000
}