{
  "height": 66.7379679144385,
  "id": 1545418417,
  "tabOrder": 1000,
  "width": 289.19786096256684,
  "x": 1456.2566844919786,
  "y": 135.18716577540107,
  "z": 3000
}