{
  "height": 801.89125295508279,
  "id": 1545418429,
  "tabOrder": 1000,
  "width": 885,
  "x": 971.34751773049652,
  "y": 192.15130023640663,
  "z": 1000
}