{
  "height": 1078.0183486238532,
  "tabOrder": 26000,
  "width": 336.440366972477,
  "x": 0,
  "y": 0,
  "z": 0
}