{
  "height": 71.274355012661374,
  "tabOrder": 13000,
  "width": 304.42435906299914,
  "x": 30.996613709372944,
  "y": 307.27166383236238,
  "z": 9000
}