{
  "height": 66.7379679144385,
  "id": 1545418415,
  "width": 289.19786096256684,
  "x": 1459.679144385027,
  "y": 135.18716577540107,
  "z": 2000
}