{
  "height": 201.81818181818181,
  "id": 1545418409,
  "tabOrder": 10000,
  "width": 352.72727272727269,
  "x": 1018.2562466772993,
  "y": 220.74513360775859,
  "z": 4000
}