{
  "height": 69.69048045682446,
  "tabOrder": 6000,
  "width": 304.42435906299914,
  "x": 30.996613709372944,
  "y": 803.02439980931831,
  "z": 2000
}