{
  "height": 71.228359439406432,
  "tabOrder": 7000,
  "width": 77.559769167353679,
  "x": 1825.0288540807917,
  "y": 9.4971145919208588,
  "z": 1000
}