{
  "height": 61.604278074866315,
  "id": 1545418068,
  "tabOrder": 3000,
  "width": 485.98930481283423,
  "x": 1434.0106951871658,
  "y": 983.95721925133694,
  "z": 2000
}