{
  "height": 200.23391812865495,
  "id": 1545418060,
  "tabOrder": 18000,
  "width": 218.9473684210526,
  "x": 0,
  "y": 10.633490864536554,
  "z": 9000
}