{
  "height": 150.29619181946404,
  "id": 1545418057,
  "tabOrder": 5000,
  "width": 1018.2228490832158,
  "x": 449.53455571227079,
  "y": 13.540197461212976,
  "z": 5000
}