{
  "height": 629.560975609756,
  "tabOrder": 6000,
  "width": 599.26829268292681,
  "x": 674.34146341463406,
  "y": 420.14634146341461,
  "z": 8000
}