{
  "height": 305.0728862973761,
  "tabOrder": 26002,
  "width": 545.77259475218659,
  "x": 493.99416909620993,
  "y": 100.75801749271137,
  "z": 9000
}