{
  "height": 305.14767932489451,
  "tabOrder": 26002,
  "width": 565.73839662447256,
  "x": 473.92405063291153,
  "y": 101.26582278481013,
  "z": 9000
}