{
  "height": 88.243902439024382,
  "tabOrder": 4000,
  "width": 223.90243902439022,
  "x": 844.215474807808,
  "y": 175.31873237099714,
  "z": 5000
}