{
  "height": 75.294117647058826,
  "id": 1545418066,
  "tabOrder": 1000,
  "width": 195.08021390374333,
  "x": 1724.9197860962568,
  "y": 908.66310160427815,
  "z": 0
}