{
  "height": 674.87336914811976,
  "id": 1545418061,
  "tabOrder": 4000,
  "width": 1785.9094397544131,
  "x": 70,
  "y": 325.22046600650629,
  "z": 13000
}