{
  "height": 192.52032520325204,
  "id": 1545418407,
  "tabOrder": 6000,
  "width": 230.67750677506777,
  "x": 1398.192191491293,
  "y": 227.15065220839938,
  "z": 2000
}