{
  "height": 71.274355012661374,
  "tabOrder": 9000,
  "width": 304.42435906299914,
  "x": 30.996613709372944,
  "y": 589.20133477133413,
  "z": 5000
}