{
  "height": 66.7379679144385,
  "id": 1545418419,
  "tabOrder": 2000,
  "width": 287.48663101604279,
  "x": 1030.1604278074867,
  "y": 135.18716577540107,
  "z": 4000
}