{
  "height": 72.857142857142861,
  "tabOrder": 14000,
  "width": 71.428571428571431,
  "x": 144.35293298162634,
  "y": 0,
  "z": 14000
}