{
  "height": 72,
  "tabOrder": 5000,
  "width": 72,
  "x": 13.145857488614872,
  "y": 8.7155770477793642,
  "z": 4000
}