{
  "height": 299.12509593246358,
  "id": 1545418052,
  "width": 399.32463545663853,
  "x": 67.782041442824251,
  "y": 175.34919416730622,
  "z": 4000
}