{
  "height": 210.71373752877975,
  "id": 1545418051,
  "tabOrder": 25000,
  "width": 361.01304681504223,
  "x": 1398.24229286442,
  "y": 0,
  "z": 16000
}