{
  "height": 72.220183486238525,
  "tabOrder": 12000,
  "width": 72.220183486238525,
  "x": 259.92155542462729,
  "y": 0,
  "z": 14500
}