{
  "height": 109.04067536454338,
  "id": 1545418056,
  "tabOrder": 4000,
  "width": 400.7981580967,
  "x": 10.314658480429777,
  "y": 13.261703760552573,
  "z": 3000
}