{
  "height": 33.891020721412126,
  "id": 1545418067,
  "tabOrder": 2000,
  "width": 263.76055257099006,
  "x": 1656.2394474290102,
  "y": 1046.2010744435918,
  "z": 1000
}