{
  "height": 72.857142857142861,
  "tabOrder": 2000,
  "width": 71.428571428571431,
  "x": 147.34693877551015,
  "y": 0,
  "z": 14000
}