{
  "height": 218.18181818181816,
  "id": 1545418413,
  "tabOrder": 11000,
  "width": 1801.8181818181818,
  "x": 85.454545454545453,
  "y": 281.81818181818181,
  "z": 11000
}