{
  "height": 201.81818181818181,
  "id": 1545418412,
  "tabOrder": 16000,
  "width": 352.72727272727269,
  "x": 352.80170122275376,
  "y": 438.92695178957945,
  "z": 7000
}