{
  "height": 647.27272727272725,
  "id": 1545418433,
  "tabOrder": 8000,
  "width": 1801.8181818181818,
  "x": 74.545454545454533,
  "y": 300,
  "z": 10000
}