{
  "height": 674.87336914811976,
  "id": 1545418430,
  "tabOrder": 4000,
  "width": 879.69301611665389,
  "x": 0,
  "y": 0,
  "z": 1000
}