{
  "height": 65.026737967914443,
  "id": 1545418423,
  "tabOrder": 6000,
  "width": 285.77540106951875,
  "x": 602.92335115864535,
  "y": 135.18716577540107,
  "z": 6000
}