{
  "height": 87.074829931972786,
  "tabOrder": 6000,
  "width": 222.0408163265306,
  "x": 1084.0816326530612,
  "y": 420.86167800453512,
  "z": 7000
}