{
  "height": 71.274355012661374,
  "tabOrder": 10000,
  "width": 304.42435906299914,
  "x": 30.996613709372944,
  "y": 517.9269797586727,
  "z": 6000
}