{
  "height": 87.074829931972786,
  "tabOrder": 5000,
  "width": 223.49206349206349,
  "x": 844.625850340136,
  "y": 307.66439909297048,
  "z": 6000
}