{
  "height": 673.39984650805843,
  "id": 1545418428,
  "tabOrder": 1000,
  "width": 881.16653875671534,
  "x": 904.74290099769769,
  "y": 0,
  "z": 0
}