{
  "height": 38.311588641596316,
  "tabOrder": 11000,
  "width": 1168.5034535686877,
  "x": 751.49654643131237,
  "y": 1041.7805065234077,
  "z": 7000
}