{
  "height": 88.526077097505663,
  "tabOrder": 2000,
  "width": 222.0408163265306,
  "x": 1084.0816326530612,
  "y": 306.21315192743765,
  "z": 3000
}