{
  "height": 69.69048045682446,
  "tabOrder": 4000,
  "width": 304.42435906299914,
  "x": 30.996613709372944,
  "y": 166.30682836287656,
  "z": 11000
}