{
  "height": 801,
  "id": 1545418434,
  "tabOrder": 3000,
  "width": 885,
  "x": 65.059101654846344,
  "y": 192.15130023640663,
  "z": 3000
}