{
  "height": 72.202609363008449,
  "tabOrder": 7000,
  "width": 72.202609363008449,
  "x": 1735.8096699923256,
  "y": 7,
  "z": 1000
}