{
  "height": 66.7379679144385,
  "id": 1545418425,
  "tabOrder": 7000,
  "width": 289.19786096256684,
  "x": 602.35294117647061,
  "y": 135.18716577540107,
  "z": 7000
}