{
  "height": 87.074829931972786,
  "tabOrder": 8000,
  "width": 222.0408163265306,
  "x": 844.625850340136,
  "y": 420.86167800453512,
  "z": 9000
}