{
  "height": 63.511450381679396,
  "id": 1545418065,
  "tabOrder": 4000,
  "width": 486.92111959287536,
  "x": 1415.1653944020356,
  "y": 1004.7837150127227,
  "z": 4000
}