{
  "height": 64.536585365853654,
  "tabOrder": 10000,
  "width": 605.85365853658539,
  "x": 68.487804878048777,
  "y": 127.7560975609756,
  "z": 6000
}