{
  "height": 201.87260168841138,
  "id": 1545418050,
  "tabOrder": 24000,
  "width": 352.17191097467384,
  "x": 1018.0734517285797,
  "y": 0,
  "z": 15000
}