{
  "height": 629.560975609756,
  "tabOrder": 3000,
  "width": 571.609756097561,
  "x": 1322.3414634146341,
  "y": 420.14634146341461,
  "z": 5000
}