{
  "height": 220,
  "id": 1545418405,
  "width": 218.18181818181816,
  "x": 1.8926103136629422,
  "y": 211.65422451684947,
  "z": 0
}