{
  "height": 85.62358276643991,
  "tabOrder": 3000,
  "width": 222.0408163265306,
  "x": 1084.0816326530612,
  "y": 175.60090702947846,
  "z": 4000
}