{
  "height": 71.274355012661374,
  "tabOrder": 3000,
  "width": 304.42435906299914,
  "x": 30.996613709372944,
  "y": 235.997308819701,
  "z": 10000
}