{
  "height": 69.724616382234913,
  "tabOrder": 6000,
  "width": 55.869894326613213,
  "x": 13.145857488614872,
  "y": 8.7155770477793642,
  "z": 3000
}