{
  "height": 306.47230320699708,
  "tabOrder": 2000,
  "width": 461.80758017492712,
  "x": 12.594752186588922,
  "y": 100.75801749271137,
  "z": 4000
}