{
  "height": 305.14767932489451,
  "tabOrder": 2000,
  "width": 441.51898734177217,
  "x": 13.502109704641351,
  "y": 101.26582278481013,
  "z": 4000
}