{
  "height": 65.934065934065941,
  "id": 1545418435,
  "tabOrder": 9000,
  "width": 58,
  "x": 16,
  "y": 10.549450549450549,
  "z": 1000
}