{
  "height": 801.89125295508279,
  "id": 1545418431,
  "tabOrder": 2000,
  "width": 885,
  "x": 65.059101654846344,
  "y": 192.15130023640663,
  "z": 2000
}