{
  "height": 39.369085173501581,
  "width": 1168.9589905362777,
  "x": 751.04100946372228,
  "y": 1040.6309148264984,
  "z": 0
}