{
  "height": 202.10526315789471,
  "id": 1545418059,
  "tabOrder": 20000,
  "width": 351.812865497076,
  "x": 353.68421052631578,
  "y": 1.2767657183377423,
  "z": 8000
}