{
  "height": 741.18188795088258,
  "id": 1545418062,
  "tabOrder": 12000,
  "width": 1802.1181887950884,
  "x": 73.676132003069839,
  "y": 300.59861857252497,
  "z": 12000
}