{
  "height": 69.69048045682446,
  "tabOrder": 1000,
  "width": 304.42435906299914,
  "x": 31.917556685166769,
  "y": 89.758724595108674,
  "z": 12000
}