{
  "height": 69.69048045682446,
  "tabOrder": 7000,
  "width": 304.42435906299914,
  "x": 30.996613709372944,
  "y": 733.33391935249381,
  "z": 3000
}