{
  "height": 65.026737967914443,
  "id": 1545418421,
  "tabOrder": 3000,
  "width": 289.19786096256684,
  "x": 1029.5900178253121,
  "y": 135.18716577540107,
  "z": 5000
}