{
  "height": 69.69048045682446,
  "tabOrder": 5000,
  "width": 304.42435906299914,
  "x": 30.996613709372944,
  "y": 872.71488026614281,
  "z": 1000
}