{
  "height": 629.560975609756,
  "tabOrder": 1000,
  "width": 651.951219512195,
  "x": 0,
  "y": 420.14634146341461,
  "z": 3000
}