{
  "height": 69.69048045682446,
  "tabOrder": 12000,
  "width": 304.42435906299914,
  "x": 30.996613709372944,
  "y": 378.54601884502387,
  "z": 8000
}