{
  "height": 72.202609363008449,
  "width": 72.202609363008449,
  "x": 264.56906822613445,
  "y": 0,
  "z": 13000
}