{
  "height": 66.7379679144385,
  "id": 1545418063,
  "tabOrder": 13000,
  "width": 289.19786096256684,
  "x": 172.83422459893049,
  "y": 135.18716577540107,
  "z": 8000
}