{
  "height": 88.526077097505663,
  "tabOrder": 7000,
  "width": 222.0408163265306,
  "x": 844.625850340136,
  "y": 526.80272108843531,
  "z": 8000
}