{
  "height": 187.3170731707317,
  "id": 1545418408,
  "tabOrder": 8000,
  "width": 287.91327913279133,
  "x": 1370.4415139845178,
  "y": 447.421654918429,
  "z": 3000
}